<?xml version="1.0" encoding="UTF-8"?>

<mule xmlns:ee="http://www.mulesoft.org/schema/mule/ee/core" xmlns:currency-conversion="http://www.mulesoft.org/schema/mule/currency-conversion"
	xmlns:http="http://www.mulesoft.org/schema/mule/http"
	xmlns="http://www.mulesoft.org/schema/mule/core" xmlns:doc="http://www.mulesoft.org/schema/mule/documentation" xmlns:xsi="http://www.w3.org/2001/XMLSchema-instance" xsi:schemaLocation="http://www.mulesoft.org/schema/mule/core http://www.mulesoft.org/schema/mule/core/current/mule.xsd
http://www.mulesoft.org/schema/mule/http http://www.mulesoft.org/schema/mule/http/current/mule-http.xsd
http://www.mulesoft.org/schema/mule/currency-conversion http://www.mulesoft.org/schema/mule/currency-conversion/current/mule-currency-conversion.xsd
http://www.mulesoft.org/schema/mule/ee/core http://www.mulesoft.org/schema/mule/ee/core/current/mule-ee.xsd">
	<http:listener-config name="HTTP_Listener_config" doc:name="HTTP Listener config" doc:id="a285aa7b-3f04-48de-9f03-867b7ef61a8f" >
		<http:listener-connection host="0.0.0.0" port="8081" />
	</http:listener-config>
	<flow name="currency-convertor-apiFlow" doc:id="ebf31f50-d36b-4fd4-97d3-33c72b0ed1de" >
		<http:listener doc:name="Listener" doc:id="9dfe81c8-5820-4e0d-9b95-5066a7c157e1" config-ref="HTTP_Listener_config" path="/currency/conversion"/>
		<logger level="INFO" doc:name="Logger" doc:id="8d1231ab-0aaf-40d8-96d7-db48627692d0" message="CUSTOM CONNECTOR START "/>
		<set-variable value="#[payload.toCurrency]" doc:name="set-to-currency" doc:id="9d0c4b19-f8af-47b2-89bd-bbac074bd069" variableName="tocurrency"/>
		<currency-conversion:convert-currency doc:name="Convert currency" doc:id="b60c95f9-880b-4ebf-a98e-026b43988110" fromCurrency="#[payload.fromCurrency]" toCurrency="#[payload.toCurrency]" amount="#[payload.amount]"/>
		<ee:transform doc:name="Transform Message" doc:id="c332a068-b326-48b1-af78-5427f6c6d83b" >
			<ee:message >
				<ee:set-payload ><![CDATA[%dw 2.0
output application/json
---
{
	("currency converted to " ++ vars.tocurrency): payload
}]]></ee:set-payload>
			</ee:message>
		</ee:transform>
		<error-handler >
			<on-error-continue enableNotifications="true" logException="true" doc:name="On Error Continue" doc:id="371c3347-49f9-4eb9-855c-c7579eee6282" >
				<ee:transform doc:name="Transform Message" doc:id="8675dde7-1638-4386-a136-bb2c5901c3bb" >
					<ee:message >
						<ee:set-payload ><![CDATA[%dw 2.0
output application/json
---
{
    "message": error.exception.cause.cause.detailMessage
}]]></ee:set-payload>
					</ee:message>
				</ee:transform>
			</on-error-continue>
		</error-handler>
	</flow>
</mule>
